video_url,user_url,username,title,view_num,created_at,shortdesc,collected_at
/watch?v=j5yJmnuvx6M&pp=ygUfaG9uZyBrb25nIHByb3Rlc3RzIDIwMTlTaGFuZ2hhaQ%3D%3D,/@CBSSundayMorning,CBS Sunday Morning,Sunday Journal: The origin of Hong Kong protests,74K,6 years,For months protesters in Hong Kong have demonstrated against a new law being debated that would curtail democratic principles ...,2026-01-22 02:50:42.910009
/watch?v=4bT7dDDkEq8&pp=ygUfaG9uZyBrb25nIHByb3Rlc3RzIDIwMTlTaGFuZ2hhaQ%3D%3D,/@Reuters,Reuters,HK court sentences seven for 2019 attack on protesters,1.6K,4 years,#HongKongProtests #YuenLong #News #Reuters Subscribe: http://smarturl.it/reuterssubscribe Reuters brings you the latest ...,2026-01-22 02:50:42.911590
/watch?v=6_RdnVtfZPY&pp=ygUfaG9uZyBrb25nIHByb3Rlc3RzIDIwMTlTaGFuZ2hhaQ%3D%3D,/@Vox,Vox,"Hong Kong’s huge protests, explained",9.6M,6 years,The people of Hong Kong are protesting in record-breaking numbers. Become a Video Lab member! http://bit.ly/video-lab ...,2026-01-22 02:50:42.915329
/watch?v=pataOgLfhQQ&pp=ygUfaG9uZyBrb25nIHByb3Rlc3RzIDIwMTlTaGFuZ2hhaQ%3D%3D,/@60minutes,60 Minutes,Jimmy Lai and Hong Kong pro-democracy demonstrations in 2019 | 60 Minutes Archive,27K,1 month,"60 Minutes reported from Hong Kong in 2019, when months of pro-democracy demonstrations turned increasingly violent. Jimmy ...",2026-01-22 02:50:42.918237
/watch?v=qopfgTQxXGg&pp=ygUfaG9uZyBrb25nIHByb3Rlc3RzIDIwMTlTaGFuZ2hhaQ%3D%3D,/@humanrightsfdn,Human Rights Foundation,Hong Kong Protests | June 2019,795,6 years,The people of Hong Kong took to the streets in June 2019 to protest. Their hope was to prevent the Hong Kong government from ...,2026-01-22 02:50:42.919443
/watch?v=kG62SDFl8C4&pp=ygUfaG9uZyBrb25nIHByb3Rlc3RzIDIwMTlTaGFuZ2hhaQ%3D%3D,/@SBSDateline,SBS Dateline,Meet the forces behind Hong Kong's historic protests,168K,6 years,How do you turn an entire city into a protest movement? Dateline meets the organisers of Hong Kong's pro-democracy protests.,2026-01-22 02:50:42.922100
/watch?v=g9QIETD4QV0&pp=ygUfaG9uZyBrb25nIHByb3Rlc3RzIDIwMTlTaGFuZ2hhadIHCQmHCgGHKiGM7w%3D%3D,/@nytimes,The New York Times,Hear Hong Kong Protesters Read Their Final Goodbyes | The Dispatch,293K,6 years,"As violence escalates between demonstrators and the police in Hong Kong, protesters have started writing “last letters” to their ...",2026-01-22 02:50:42.925414
/watch?v=XVeBENYjxjE&pp=ygUfaG9uZyBrb25nIHByb3Rlc3RzIDIwMTlTaGFuZ2hhaQ%3D%3D,/@VICENews,VICE News,Why Hong Kong Is Rising Up (HBO),552K,6 years,"For the second time in four days, Hong Kong was brought to a standstill by mass protests over a controversial extradition bill that ...",2026-01-22 02:50:42.926627
/watch?v=POAgMKvOJHg&pp=ygUfaG9uZyBrb25nIHByb3Rlc3RzIDIwMTlTaGFuZ2hhaQ%3D%3D,/@markets,Bloomberg Television,Special Report: Hong Kong on Edge,1.6M,6 years,2020 update: Hong Kong on Edge 2 https://youtu.be/aNKzVafw12U Bloomberg Television goes inside the protests in Hong Kong ...,2026-01-22 02:50:42.928905
/watch?v=WjOTSAOZ4VM&pp=ygUfaG9uZyBrb25nIHByb3Rlc3RzIDIwMTlTaGFuZ2hhaQ%3D%3D,/@markets,Bloomberg Television,Hong Kong Protesters Trapped in University Surrounded by Police,97K,6 years,"Nov.18 -- Hong Kong leader Carrie Lam urged protesters holed up in a Kowloon university to heed police calls to surrender, ...",2026-01-22 02:50:42.930089
/watch?v=mb5wDf-fw2w&pp=ygUfaG9uZyBrb25nIHByb3Rlc3RzIDIwMTlTaGFuZ2hhadIHCQmHCgGHKiGM7w%3D%3D,/@InsideEdition,Inside Edition,Hong Kong Protesters Use 'Les Mis' Song as Anthem,444K,6 years,"Throughout June, millions of protesters have been marching in Hong Kong in effort to withdraw an extradition bill that would send ...",2026-01-22 02:50:42.932969
/watch?v=32KTKXZZ-BI&pp=ygUfaG9uZyBrb25nIHByb3Rlc3RzIDIwMTlTaGFuZ2hhaQ%3D%3D,/@wsj,The Wall Street Journal,How Hong Kong Protesters Evade Surveillance With Tech | WSJ,7M,6 years,"Protesters in Hong Kong fear they are being monitored by the local government and potentially by China, a country at the cutting ...",2026-01-22 02:50:42.934993
/watch?v=xcODtfRb--M&pp=ygUfaG9uZyBrb25nIHByb3Rlc3RzIDIwMTlTaGFuZ2hhaQ%3D%3D,/@PBSNewsHour,PBS NewsHour,Pro-democracy demonstrators and Beijing fight for the future of Hong Kong,54K,6 years,Hong Kong residents have been protesting for months against an extradition bill that would have allowed criminal suspects to be ...,2026-01-22 02:50:42.937648
/watch?v=hj43B0p4uo0&pp=ygUfaG9uZyBrb25nIHByb3Rlc3RzIDIwMTlTaGFuZ2hhaQ%3D%3D,/@InstituteofChineseStudiesDelhi,Institute of Chinese Studies Delhi,Contesting Citizenship: Comparing 2019 Hong Kong with 1919 Shanghai,62,5 years,"Many discussions of the ongoing Hong Kong protests draw parallels to those in Beijing in 1989. In today's Hong Kong, as in 1989 ...",2026-01-22 02:50:42.941976
/watch?v=pu_KHGfsqnM&pp=ygUfaG9uZyBrb25nIHByb3Rlc3RzIDIwMTlTaGFuZ2hhaQ%3D%3D,/@ABCNews,ABC News,"Police fire warning shots, tear gas amid Hong Kong protests | ABC News",30K,6 years,Police even pointed their weapons directly at demonstrators as they used live ammunition for the first time since the three-month ...,2026-01-22 02:50:42.943232
/watch?v=c-AzfXMJkI8&pp=ygUfaG9uZyBrb25nIHByb3Rlc3RzIDIwMTlTaGFuZ2hhaQ%3D%3D,/@ABCNews,ABC News,‘Citizen X’ and Hong Kong protesters’ battle for freedom | Nightline,2.1M,6 years,"Hong Kong's youth believe they are engaged in an existential struggle for the future of their region. A student, who asked to ...",2026-01-22 02:50:42.944728
/watch?v=XKuiYHhDeBM&pp=ygUfaG9uZyBrb25nIHByb3Rlc3RzIDIwMTlTaGFuZ2hhaQ%3D%3D,/@CBSNews,CBS News,Hong Kong residents protest increasing Chinese control,2.9K,6 years,"Millions of protestors took to the streets of Hong Kong over fears of increasing chinese control, despite the suspension of an ...",2026-01-22 02:50:42.945931
/watch?v=fMAgFicfN3g&pp=ygUfaG9uZyBrb25nIHByb3Rlc3RzIDIwMTlTaGFuZ2hhadIHCQmHCgGHKiGM7w%3D%3D,/@markets,Bloomberg Television,China to Respond to Hong Kong Protests,49K,6 years,Jul.28 -- China's top Hong Kong policy office will give its first response on Monday on two months of increasingly chaotic unrest in ...,2026-01-22 02:50:42.949196
/watch?v=p08ETHX85wc&pp=ygUfaG9uZyBrb25nIHByb3Rlc3RzIDIwMTlTaGFuZ2hhaQ%3D%3D,/@SouthChinaMorningPost,South China Morning Post,NBA's Shanghai tour in disarray after Morey's Hong Kong protest tweet,29K,6 years,"Subscribe to our YouTube channel for free here: https://sc.mp/subscribe-youtube For the second time in as many days, a planned ...",2026-01-22 02:50:42.950425
/watch?v=Wkhxw-FkMWU&pp=ygUfaG9uZyBrb25nIHByb3Rlc3RzIDIwMTlTaGFuZ2hhaQ%3D%3D,/@France24_en,FRANCE 24 English,7 Hong Kong democracy leaders convicted over 2019 protests,707,4 years,Seven #HongKong pro-#democracy advocates were convicted Thursday on charges of organizing and participating in an ...,2026-01-22 02:50:42.951655
/watch?v=SNywbwraOsw&pp=ygUgaG9uZyBrb25nIHByb3Rlc3RzIDIwMTkgU2hhbmdoYWk%3D,/@markets,Bloomberg Television,3 Hong Kong Protest Leaders Arrested,84K,6 years,Aug.29 -- The party of prominent Hong Kong Democracy activist Joshua Wong says he and another party co-founder have been ...,2026-01-22 02:50:51.371116
/watch?v=V0iytr0qM90&pp=ygUgaG9uZyBrb25nIHByb3Rlc3RzIDIwMTkgU2hhbmdoYWk%3D,/@nytimes,The New York Times,How Hong Kong’s Protesters Evade Police and Keep the Demonstrations Alive | Visual Investigations,674K,6 years,Get an email as soon as our next Visual Investigation is published: https://nyti.ms/3xhj7dE Hong Kong's protesters have employed ...,2026-01-22 02:50:51.373331
/watch?v=0oZHAPT-7ts&pp=ygUgaG9uZyBrb25nIHByb3Rlc3RzIDIwMTkgU2hhbmdoYWk%3D,/@CBCTheNational,CBC News: The National,Hong Kong protests turn violent,251K,6 years,"Democracy protests in Hong Kong became violent on Tuesday, at least 66 people were injured, including one protester who was ...",2026-01-22 02:50:51.377081
/watch?v=qLxw19eJGv0&pp=ygUgaG9uZyBrb25nIHByb3Rlc3RzIDIwMTkgU2hhbmdoYWk%3D,/@CBSNews,CBS News,Hong Kong protesters refuse to back down over extradition bill,14K,6 years,Protesters in Hong Kong are refusing to back down after the city's embattled leader Carrie Lam ignored a deadline to permanently ...,2026-01-22 02:50:51.379116
/watch?v=d-tqfal4w34&pp=ygUgaG9uZyBrb25nIHByb3Rlc3RzIDIwMTkgU2hhbmdoYWk%3D,/@dwnews,DW News,Hong Kong protests against extradition law | DW News,62K,6 years,In Hong Kong hundreds of thousands of people have taken to the streets for a huge rally against a proposed extradition law.,2026-01-22 02:50:51.380745
/watch?v=ZbYRJ0bMAyQ&pp=ygUgaG9uZyBrb25nIHByb3Rlc3RzIDIwMTkgU2hhbmdoYWk%3D,/@CBSNews,CBS News,Chinese extradition bill spurs mass protests in Hong Kong,13K,6 years,Hong Kong's chief executive Carrie Lam says she will be moving forward with her proposed amendments to a Chinese extradition ...,2026-01-22 02:50:51.382255
/watch?v=az8wRP9y_dM&pp=ygUgaG9uZyBrb25nIHByb3Rlc3RzIDIwMTkgU2hhbmdoYWnSBwkJhwoBhyohjO8%3D,/@VOANews,Voice of America,Police Fire Tear Gas at Protesters Inside Hong Kong Train Station,82K,6 years,"Police fired tear gas inside a Hong Kong train station in reaction to continued protests, Sunday, August 11. It was not clear how ...",2026-01-22 02:50:51.383804
/watch?v=A9OCwuVcX2c&pp=ygUgaG9uZyBrb25nIHByb3Rlc3RzIDIwMTkgU2hhbmdoYWk%3D,/@wsj,The Wall Street Journal,Hong Kong Protests Beijing Intervention in Swearing-In Dispute,5K,9 years,"Despite a big protest in Hong Kong on Sunday night against Beijing's intervention, China's top legislative body on Monday barred ...",2026-01-22 02:50:51.387570
/watch?v=OlV_NzITCoM&pp=ygUgaG9uZyBrb25nIHByb3Rlc3RzIDIwMTkgU2hhbmdoYWk%3D,/@CBSNews,CBS News,China's state media spreads false information about Hong Kong protests,29K,6 years,"In Hong Kong, protests against a controversial extradition bill continue, but China is looking to downplay the unrest. According to ...",2026-01-22 02:50:51.389155
/watch?v=cHOCghooY0Y&pp=ygUgaG9uZyBrb25nIHByb3Rlc3RzIDIwMTkgU2hhbmdoYWk%3D,/@globalnews,Global News,Hong Kong protests: Riot police confront demonstrators in Sham Shui Po,149K,Streamed 6 years,Hong Kong riot police confronted and fired tear gas to disperse hundreds of protesters who had gathered outside a police station ...,2026-01-22 02:50:51.390674
/watch?v=Awjpf8d1pJ4&pp=ygUgaG9uZyBrb25nIHByb3Rlc3RzIDIwMTkgU2hhbmdoYWk%3D,/@ABCNews,ABC News,Hong Kong protests continue to heat up,13K,6 years,"Demonstrators occupied parliament, vandalizing the Legislative Chamber in opposition to a bill that would extradite criminals ...",2026-01-22 02:50:51.394179
/watch?v=cp2a4v3hBVg&pp=ygUgaG9uZyBrb25nIHByb3Rlc3RzIDIwMTkgU2hhbmdoYWk%3D,/@FoxNews,Fox News,China blames US for Hong Kong protests,252K,11 years,Dr. Michael Pillsbury gives his take on whether compromise can be achieved between the government and protesters.,2026-01-22 02:50:51.395810
/watch?v=E03t7HFQSJk&pp=ygUgaG9uZyBrb25nIHByb3Rlc3RzIDIwMTkgU2hhbmdoYWnSBwkJhwoBhyohjO8%3D,/@FoxNews,Fox News,Should the US get more involved with Hong Kong protests?,64K,6 years,Trump facing pressure to speak out against crackdown; former National Security Council official Brigadier Gen. Robert Spalding ...,2026-01-22 02:50:51.397267
/watch?v=BERRu2yyUDM&pp=ygUgaG9uZyBrb25nIHByb3Rlc3RzIDIwMTkgU2hhbmdoYWk%3D,/@France24_en,FRANCE 24 English,Hong Kong protesters escalate fight in suburbs,6K,6 years,Subscribe to France 24 now: http://f24.my/youtubeEN FRANCE 24 live news stream: all the latest news 24/7 http://f24.my/YTliveEN ...,2026-01-22 02:50:51.398682
/watch?v=AurZWBsIXgM&pp=ygUgaG9uZyBrb25nIHByb3Rlc3RzIDIwMTkgU2hhbmdoYWk%3D,/@France24_en,FRANCE 24 English,Risking China's ire over support for Hong Kong protests,1.3K,6 years,... the Hong Kong protests. Visit our website: http://www.france24.com Subscribe to our YouTube channel: http://f24.my/youtubeEN ...,2026-01-22 02:50:51.402284
/watch?v=sQ1OhcbGlp4&pp=ygUgaG9uZyBrb25nIHByb3Rlc3RzIDIwMTkgU2hhbmdoYWk%3D,/@AFP,AFP News Agency,Hong Kong protesters arrive at Victoria Park for planned huge rally | AFP,5.3K,6 years,Hong Kong democracy activists are hoping to get out a huge crowd in a bid to show the city's leaders that their protest movement ...,2026-01-22 02:50:51.403802
/watch?v=wXOJX-ysXNA&pp=ygUgaG9uZyBrb25nIHByb3Rlc3RzIDIwMTkgU2hhbmdoYWk%3D,/@CBCNews,CBC News,Hong Kong's protests explained,54K,3 years,Massive protests took place in Hong Kong in 2019 in response to China's increasing control over the small territory. Here's why it's ...,2026-01-22 02:50:51.405861
/watch?v=ZDDDyFs61L0&pp=ygUgaG9uZyBrb25nIHByb3Rlc3RzIDIwMTkgU2hhbmdoYWk%3D,/@CNBCtelevision,CNBC Television,Hong Kong protestors attacked in violent melee at train station,8.9K,6 years,Assailants armed with metal rods and wooden poles attacked Hong Kong protestors inside a commuter rail station on Sunday.,2026-01-22 02:50:51.407365
/watch?v=kYZ3a__ffYg&pp=ygUgaG9uZyBrb25nIHByb3Rlc3RzIDIwMTkgU2hhbmdoYWk%3D,/@France24_en,FRANCE 24 English,Hong Kong protests: Rally held outside UK consulate after staffer detained,2.8K,6 years,Subscribe to France 24 now: http://f24.my/youtubeEN FRANCE 24 live news stream: all the latest news 24/7 http://f24.my/YTliveEN ...,2026-01-22 02:50:51.410918
/watch?v=U0LvWnobB0w&pp=ygUgaG9uZyBrb25nIHByb3Rlc3RzIDIwMTkgU2hhbmdoYWk%3D,/@euronews,euronews,Rival groups clash in Hong Kong protests,14K,6 years,Pro-democracy and pro-Beijing groups clashed in a shopping mall in Hong Kong on Saturday as unrest over alleged Chinese ...,2026-01-22 02:50:51.412561
/watch?v=V5891rrTPHc&pp=ygUgaG9uZyBrb25nIHByb3Rlc3RzIDIwMTkgU2hhbmdoYWk%3D,/@France24_en,FRANCE 24 English,Hong Kong's last stand? Massive protest against China-backed extradition bill,154K,6 years,Subscribe to France 24 now: http://f24.my/youtubeEN FRANCE 24 live news stream: all the latest news 24/7 http://f24.my/YTliveEN ...,2026-01-22 02:50:59.180759
/watch?v=KDHF3RIzRJQ&pp=ygUgaG9uZyBrb25nIHByb3Rlc3RzIDIwMTkgU2hhbmdoYWk%3D,/@ntdtv,NTD,RECAP: Hong Kong High School Students Hold Rally to Protest Extradition Bill—8/22/2019,285,6 years,HONG KONG—High school students gathered for a rally on Aug. 22 to protest the government's response to the extradition bill ...,2026-01-22 02:50:59.184657
/watch?v=JYPpRfofCog&pp=ygUgaG9uZyBrb25nIHByb3Rlc3RzIDIwMTkgU2hhbmdoYWnSBwkJhwoBhyohjO8%3D,/@Bloomberg-News,Bloomberg News,Defiant Hong Kong Protesters Mark One Month Since Ban on Masks,17K,6 years,"Protesters in Guy Fawkes masks, a protest symbol worldwide, marched in downtown Hong Kong on Tuesday to mark the ...",2026-01-22 02:50:59.186364
/watch?v=I5idv5Sq37g&pp=ygUgaG9uZyBrb25nIHByb3Rlc3RzIDIwMTkgU2hhbmdoYWk%3D,/@Bloomberg-News,Bloomberg News,Hong Kong Protesters Tie-Up Reporter they Thought Was Chinese Spy,14K,6 years,Protesters clashed with police outside Hong Kong's airport after a standoff over a man protesters beat alleging he was an ...,2026-01-22 02:50:59.187829
/watch?v=yStjNSoBuYs&pp=ygUgaG9uZyBrb25nIHByb3Rlc3RzIDIwMTkgU2hhbmdoYWk%3D,/@scrippsnews,Scripps News,Hong Kong protests are straining its economy,1K,6 years,Hong Kong is facing a financial crisis amid ongoing protests that have morphed into a pro-democracy challenge to Chinese ...,2026-01-22 02:50:59.188989
/watch?v=ogNqu_gWvs8&t=18s&pp=ygUgaG9uZyBrb25nIHByb3Rlc3RzIDIwMTkgU2hhbmdoYWk%3D,/@NBCNews,NBC News,Hong Kong Protests Halt City’s Transportation | NBC News Now,42K,6 years,"Protesters in Hong Kong blocked roads, trains, and tunnels in a strike that followed a weekend of demonstrations in the former ...",2026-01-22 02:50:59.190790
/watch?v=Mny521jpHLk&pp=ygUgaG9uZyBrb25nIHByb3Rlc3RzIDIwMTkgU2hhbmdoYWk%3D,/@CBSLA,CBS LA,Estimated 1.7 Million Turn Out For Pro-Democrary Protests In Hong Kong,2.6K,6 years,"Organizers praised protesters for remaining peaceful, a direct contrast to some of the previous gatherings. Lesley Marin reports.",2026-01-22 02:50:59.194330
/watch?v=rWTZ77C3xb4&pp=ygUgaG9uZyBrb25nIHByb3Rlc3RzIDIwMTkgU2hhbmdoYWk%3D,/@VOANews,Voice of America,Time-lapse: Hong Kong Protesters March to Government Offices Demanding City Leader’s Resignation,20K,6 years,"Protesters clad in black marched in Hong Kong on Sunday, June 16, demanding that the city's leader steps down over her ...",2026-01-22 02:50:59.195603
/watch?v=43YeR3kcESY&pp=ygUgaG9uZyBrb25nIHByb3Rlc3RzIDIwMTkgU2hhbmdoYWk%3D,/@SouthChinaMorningPost,South China Morning Post,Rallies around the world in solidarity with Hong Kong extradition law protest,60K,6 years,Subscribe to our YouTube channel for free here: https://sc.mp/subscribe-youtube Demonstrators around the globe rallied in ...,2026-01-22 02:50:59.196792
/watch?v=TWf1_kT03yw&pp=ygUgaG9uZyBrb25nIHByb3Rlc3RzIDIwMTkgU2hhbmdoYWk%3D,/@CBSMornings,CBS Mornings,Teenage boy shot as protests raged in Hong Kong,87K,6 years,Weeks of anti-government protests in Hong Kong took yet another violent turn when a teenage boy was shot. Mass transit service ...,2026-01-22 02:50:59.198037
/watch?v=LNqfzu0L2Sw&pp=ygUgaG9uZyBrb25nIHByb3Rlc3RzIDIwMTkgU2hhbmdoYWk%3D,/@markets,Bloomberg Television,Where Are Hong Kong's Protests Headed?,45K,6 years,"Jun.13 -- In recent weeks, Hong Kong has seen unrest ranging from huge, peaceful rallies to smaller but violent clashes.",2026-01-22 02:50:59.201441
/watch?v=m_9VUfewZ-E&pp=ygUgaG9uZyBrb25nIHByb3Rlc3RzIDIwMTkgU2hhbmdoYWk%3D,/@scrippsnews,Scripps News,New Hong Kong protests after reports of violence,1.2K,6 years,Protestors took to the streets in Hong Kong after reports of police violence at a demonstration in Sheung Shui. Learn more about ...,2026-01-22 02:50:59.204517
/watch?v=1Ooo3qunkjs&pp=ygUgaG9uZyBrb25nIHByb3Rlc3RzIDIwMTkgU2hhbmdoYWk%3D,/@Bloomberg-News,Bloomberg News,Will China's Army  Intervene in the Hong Kong Protests?,32K,6 years,It has suddenly become one of the biggest questions in Hong Kong: What will the Chinese military do? After 8 weeks of ...,2026-01-22 02:50:59.206344
/watch?v=pvGt_qfIlTU&pp=ygUgaG9uZyBrb25nIHByb3Rlc3RzIDIwMTkgU2hhbmdoYWk%3D,/@France24_en,FRANCE 24 English,Hong Kong protests: clashes break out between police and demonstrators over Christmas holidays,4.1K,6 years,"In Hong Kong, clashes have been breaking out between police and pro-democracy demonstrators since Christmas Eve, with ...",2026-01-22 02:50:59.210766
/watch?v=UEUpyeuuO04&t=2s&pp=ygUgaG9uZyBrb25nIHByb3Rlc3RzIDIwMTkgU2hhbmdoYWk%3D,/@CNBCtelevision,CNBC Television,Hong Kong protests escalate as China confirms support for city's leader and police,1.6K,6 years,"After another weekend of clashes between police and protests in Hong Kong, Chinese officials held a news conference to ...",2026-01-22 02:50:59.212761
/watch?v=qj2nuIni7LE&pp=ygUgaG9uZyBrb25nIHByb3Rlc3RzIDIwMTkgU2hhbmdoYWk%3D,/@NBCNews,NBC News,Authorities Call Ongoing Hong Kong Protests Among Worst Crisis In Region’s History | NBC News Now,30K,6 years,"As protests in Hong Kong continue over the proposed extradition bill, Chinese authorities say the region is facing the worst crisis ...",2026-01-22 02:50:59.215400
/watch?v=2YEMe610Nu8&pp=ygUgaG9uZyBrb25nIHByb3Rlc3RzIDIwMTkgU2hhbmdoYWk%3D,/@AFP,AFP News Agency,Hong Kong students take protest to schools with 'human chains' | AFP,769,6 years,Hong Kong's secondary schools have become the latest ideological battleground for pro-democracy protesters with thousands of ...,2026-01-22 02:50:59.218397
/watch?v=0FJ4OIpez1E&pp=ygUgaG9uZyBrb25nIHByb3Rlc3RzIDIwMTkgU2hhbmdoYWk%3D,/@FoxNews,Fox News,Thirteen injured in Hong Kong protests: Report,45K,6 years,Protests heat up leaving 13 people injured two days ahead of the 70th anniversary of the founding of the People's Republic of ...,2026-01-22 02:50:59.220308
/watch?v=DtFlljI5t1I&pp=ygUgaG9uZyBrb25nIHByb3Rlc3RzIDIwMTkgU2hhbmdoYWk%3D,/@BBCNews,BBC News,Hong Kong protests: A city's identity crisis - BBC News,422K,6 years,Hong Kong's protests have become increasingly violent as they continue into their sixth month. The fabric of the place is ...,2026-01-22 02:50:59.221529
/watch?v=TdLatY3ya1Y&pp=ygUgaG9uZyBrb25nIHByb3Rlc3RzIDIwMTkgU2hhbmdoYWk%3D,/@France24_en,FRANCE 24 English,Hong Kong Protests: Pro-democracy Movement Gets Global Support,820,11 years,DEBATE : Hong Kong's so-called umbrella protests are snowballing into what's shaping into one of the biggest challenges to ...,2026-01-22 02:50:59.224339
/watch?v=9wWW_xqZOfg&pp=ygUgaG9uZyBrb25nIHByb3Rlc3RzIDIwMTkgU2hhbmdoYWk%3D,/@CNN,CNN,CHINA: HONG KONG PROTESTS - DAY 2,128,9 years,"Hong Kong says riot police have pulled back as protesters jam city streets. To License This Clip, Click Here: ...",2026-01-22 02:51:07.518197
/watch?v=mkjAhlvld68&pp=ygUgaG9uZyBrb25nIHByb3Rlc3RzIDIwMTkgU2hhbmdoYWk%3D,/@CBSMornings,CBS Mornings,"Hong Kong protesters barricaded: ""This university is not the last battle""",80K,6 years,Around 100 pro-democracy protesters are barricaded inside a Hong Kong university in a tense standoff with police. They're facing ...,2026-01-22 02:51:07.519165
/watch?v=18xrGGGzY-s&pp=ygUgaG9uZyBrb25nIHByb3Rlc3RzIDIwMTkgU2hhbmdoYWk%3D,/@VOANews,Voice of America,New US Legislation to Support Hong Kong Protesters Draws Angry Rebuke from China,14K,6 years,China is barring American Navy ships and military aircraft from visiting Hong Kong in retaliation for the Hong Kong Human Rights ...,2026-01-22 02:51:07.519982
/watch?v=IiBgwx9vQIA&pp=ygUgaG9uZyBrb25nIHByb3Rlc3RzIDIwMTkgU2hhbmdoYWk%3D,/@APArchive,AP Archive,HK protest marks 2019 attack on democracy activists,365,5 years,(21 Jul 2020) People gathered at a mall in northwest Hong Kong to commemorate the first anniversary of a mob attack on ...,2026-01-22 02:51:07.520656
/watch?v=TLHvObUCJ2M&pp=ygUgaG9uZyBrb25nIHByb3Rlc3RzIDIwMTkgU2hhbmdoYWk%3D,/@France24_en,FRANCE 24 English,"Hong Kong protests, four months on",695,6 years,Subscribe to France 24 now: http://f24.my/youtubeEN FRANCE 24 live news stream: all the latest news 24/7 http://f24.my/YTliveEN ...,2026-01-22 02:51:07.521484
/watch?v=KKx3JwPFrek&t=1s&pp=ygUgaG9uZyBrb25nIHByb3Rlc3RzIDIwMTkgU2hhbmdoYWk%3D,/@CNBCtelevision,CNBC Television,Hong Kong protests: General strike paralyzes city as clashes with police intensify,2.2K,6 years,"Protests and a general strike have paralyzed Hong Kong. The city's chief executive, Carrie Lam, warned of a 'very dangerous ...",2026-01-22 02:51:07.522586
/watch?v=U1lge3zET-Y&pp=ygUgaG9uZyBrb25nIHByb3Rlc3RzIDIwMTkgU2hhbmdoYWnSBwkJhwoBhyohjO8%3D,/@APArchive,AP Archive,Hong Kong protesters attack taxi with sticks,2.2K,6 years,"(29 Sep 2019) Hong Kong protesters were seen attacking an abandoned taxi in Wan Chai area on Sunday, as tensions continued ...",2026-01-22 02:51:07.523376
/watch?v=igr3DKX_sWM&pp=ygUgaG9uZyBrb25nIHByb3Rlc3RzIDIwMTkgU2hhbmdoYWnSBwkJhwoBhyohjO8%3D,/@France24_en,FRANCE 24 English,"Hong Kong protests: ""These protesters see China as a bulldozer""",5.6K,6 years,Subscribe to France 24 now: http://f24.my/youtubeEN FRANCE 24 live news stream: all the latest news 24/7 http://f24.my/YTliveEN ...,2026-01-22 02:51:07.525132
/watch?v=T5bDZEKtAfE&pp=ygUgaG9uZyBrb25nIHByb3Rlc3RzIDIwMTkgU2hhbmdoYWk%3D,/@BBCNews,BBC News,Hong Kong protests: Airport cancels flights as thousands occupy - BBC News,40K,6 years,"The BBC's Stephen McDonell is in Hong Kong International Airport where departing flights has been cancelled , as ...",2026-01-22 02:51:07.525852
/watch?v=HiMymU6SbNc&pp=ygUgaG9uZyBrb25nIHByb3Rlc3RzIDIwMTkgU2hhbmdoYWk%3D,/@FoxNews,Fox News,"Demonstrators surround government buildings in Hong Kong, protest against extradition bill",162K,6 years,Hong Kong residents block roads in new protest; Connell McShane reports.,2026-01-22 02:51:07.526571
/watch?v=ujz9WnJa5MQ&pp=ygUgaG9uZyBrb25nIHByb3Rlc3RzIDIwMTkgU2hhbmdoYWk%3D,/@ITVNews,ITV News,China blames the West for Hong Kong protests after more violent clashes | ITV News,16K,6 years,"China has blamed Western forces for demonstrations in Hong Kong, following another weekend of violent clashes between ...",2026-01-22 02:51:07.527395
/watch?v=ze-kp9lAxqg&pp=ygUgaG9uZyBrb25nIHByb3Rlc3RzIDIwMTkgU2hhbmdoYWk%3D,/@markets,Bloomberg Television,Hong Kong Protesters Shut Down the MTR Again,12K,6 years,"Oct.14 -- Hong Kong's subway system has closed early for more than a week, cutting off the main mode of transportation for ...",2026-01-22 02:51:07.528728
/watch?v=BC8uY4pNBns&t=2s&pp=ygUgaG9uZyBrb25nIHByb3Rlc3RzIDIwMTkgU2hhbmdoYWk%3D,/@CBSNews,CBS News,Beijing officials condemn Hong Kong protests in rare press conference,8.8K,6 years,Beijing officials spoke out about the growing unrest in Hong Kong for the first time at a press conference on Monday. The territory ...,2026-01-22 02:51:07.529731
/watch?v=oc_jMw8PZOg&pp=ygUgaG9uZyBrb25nIHByb3Rlc3RzIDIwMTkgU2hhbmdoYWk%3D,/@CNN,CNN,Hong Kong protests over extradition bill continue,67K,6 years,Thousands of protesters in Hong Kong gathered outside the city's police headquarters demanding the government scrap a bill that ...,2026-01-22 02:51:07.530705
/watch?v=A1XfRAWgFqY&pp=ygUgaG9uZyBrb25nIHByb3Rlc3RzIDIwMTkgU2hhbmdoYWk%3D,/@abc7news,ABC7 News Bay Area,College students clash over 'Lennon Wall' for Hong Kong protests,8.3K,6 years,"In response to the protests in Hong Kong, so-called ""John Lennon Walls"" -- filled with sticky notes showing solidarity with the ...",2026-01-22 02:51:07.531489
/watch?v=bScglx8Mgtc&pp=ygUgaG9uZyBrb25nIHByb3Rlc3RzIDIwMTkgU2hhbmdoYWk%3D,/@SkyNews,Sky News,Protesters in Hong Kong battle police over extradition bill,666K,6 years,Hong Kong police fired pepper spray and tear gas at protesters angry about an extradition bill that would allow people to be sent ...,2026-01-22 02:51:07.532187
/watch?v=hqD07YE9EOM&pp=ygUgaG9uZyBrb25nIHByb3Rlc3RzIDIwMTkgU2hhbmdoYWk%3D,/@AssociatedPress,Associated Press,Aerial footage of Hong Kong protests,3.5K,6 years,"Thousands of protesters blocked entry to Hong Kong's government headquarters on Wednesday, delaying a legislative session ...",2026-01-22 02:51:07.532852
/watch?v=-7_GQXPysNE&pp=ygUgaG9uZyBrb25nIHByb3Rlc3RzIDIwMTkgU2hhbmdoYWk%3D,/@CNN,CNN,CHINA: HONG KONG - PROTESTERS CONFRONT POLICE,314,9 years,"Scuffles as protest opponents try to tear down Hong Kong barricades. To License This Clip, Click Here: ...",2026-01-22 02:51:07.533529
/watch?v=2j0UyrHr9DI&pp=ygUgaG9uZyBrb25nIHByb3Rlc3RzIDIwMTkgU2hhbmdoYWk%3D,/@CNBCtelevision,CNBC Television,"Dodwell: Congressional support of Hong Kong protesters ""can't really be seen as helpful""",4.8K,6 years,"... Trade Policy Group, discusses US-China relations after House lawmakers passed legislation supporting Hong Kong protests.",2026-01-22 02:51:07.534429
/watch?v=7sTE21XwTnw&pp=ygUgaG9uZyBrb25nIHByb3Rlc3RzIDIwMTkgU2hhbmdoYWk%3D,/@FoxBusiness,Fox Business,Could the Hong Kong protests impact US-China trade talks?,19K,6 years,'The Coming Collapse of China' author Gordon Chang on the protests in Hong Kong and their impact on U.S. trade talks with ...,2026-01-22 02:51:07.535150
